area,bedrooms,bathrooms,stories,parking,location,age,price
1200,2,2,1,1,Urban,5,4500000
1500,3,2,2,1,Urban,3,5800000
1800,3,3,2,2,Urban,2,7200000
1000,2,1,1,1,Suburban,8,3500000
2200,4,3,2,2,Urban,1,9500000
1350,3,2,1,1,Suburban,6,4800000
1650,3,2,2,1,Urban,4,6500000
900,2,1,1,0,Suburban,10,2900000
2500,4,4,2,2,Urban,1,11500000
1100,2,2,1,1,Suburban,7,3900000
1450,3,2,2,1,Urban,5,5500000
1900,4,3,2,2,Urban,3,8200000
1250,2,2,1,1,Suburban,4,4300000
2100,4,3,2,2,Urban,2,9100000
1550,3,2,2,1,Suburban,6,5700000
950,2,1,1,0,Suburban,12,2700000
1750,3,3,2,2,Urban,4,7000000
2300,4,4,2,2,Urban,2,10200000
1300,3,2,1,1,Suburban,7,4500000
2000,4,3,2,2,Urban,3,8500000
